subject_id,record_id,nombre,rut,edad,sexo,systolic_bp,diastolic_bp,heart_rate
1,1,Paciente Simulado 001,10000137-3,61,F,124,71,61
1,2,Paciente Simulado 001,10000137-3,61,F,133,72,58
1,3,Paciente Simulado 001,10000137-3,61,F,138,66,57
1,4,Paciente Simulado 001,10000137-3,61,F,124,69,81
1,5,Paciente Simulado 001,10000137-3,61,F,124,66,60
2,6,Paciente Simulado 002,10000274-4,74,F,140,77,95
2,7,Paciente Simulado 002,10000274-4,74,F,134,76,92
2,8,Paciente Simulado 002,10000274-4,74,F,145,67,69
2,9,Paciente Simulado 002,10000274-4,74,F,134,75,63
2,10,Paciente Simulado 002,10000274-4,74,F,142,73,64
3,11,Paciente Simulado 003,10000411-9,35,M,135,80,91
3,12,Paciente Simulado 003,10000411-9,35,M,138,76,61
3,13,Paciente Simulado 003,10000411-9,35,M,134,80,58
3,14,Paciente Simulado 003,10000411-9,35,M,138,78,98
3,15,Paciente Simulado 003,10000411-9,35,M,145,76,84
4,16,Paciente Simulado 004,10000548-4,78,M,121,78,60
4,17,Paciente Simulado 004,10000548-4,78,M,125,83,86
4,18,Paciente Simulado 004,10000548-4,78,M,126,82,73
4,19,Paciente Simulado 004,10000548-4,78,M,118,76,87
4,20,Paciente Simulado 004,10000548-4,78,M,129,77,103
5,21,Paciente Simulado 005,10000685-5,63,F,129,96,59
5,22,Paciente Simulado 005,10000685-5,63,F,138,91,99
5,23,Paciente Simulado 005,10000685-5,63,F,139,95,86
5,24,Paciente Simulado 005,10000685-5,63,F,142,87,60
5,25,Paciente Simulado 005,10000685-5,63,F,136,93,99
6,26,Paciente Simulado 006,10000822-K,28,F,157,83,100
6,27,Paciente Simulado 006,10000822-K,28,F,155,89,77
6,28,Paciente Simulado 006,10000822-K,28,F,143,86,77
6,29,Paciente Simulado 006,10000822-K,28,F,148,88,62
6,30,Paciente Simulado 006,10000822-K,28,F,158,79,68
7,31,Paciente Simulado 007,10000959-5,56,F,156,81,86
7,32,Paciente Simulado 007,10000959-5,56,F,146,77,83
7,33,Paciente Simulado 007,10000959-5,56,F,156,83,72
7,34,Paciente Simulado 007,10000959-5,56,F,148,81,90
7,35,Paciente Simulado 007,10000959-5,56,F,152,81,77
8,36,Paciente Simulado 008,10001096-8,68,F,111,67,69
8,37,Paciente Simulado 008,10001096-8,68,F,113,65,86
8,38,Paciente Simulado 008,10001096-8,68,F,111,69,73
8,39,Paciente Simulado 008,10001096-8,68,F,106,67,81
8,40,Paciente Simulado 008,10001096-8,68,F,117,74,91
9,41,Paciente Simulado 009,10001233-2,60,F,142,99,104
9,42,Paciente Simulado 009,10001233-2,60,F,153,98,80
9,43,Paciente Simulado 009,10001233-2,60,F,153,93,85
9,44,Paciente Simulado 009,10001233-2,60,F,153,92,67
9,45,Paciente Simulado 009,10001233-2,60,F,143,95,83
10,46,Paciente Simulado 010,10001370-3,40,F,121,63,91
10,47,Paciente Simulado 010,10001370-3,40,F,122,71,61
10,48,Paciente Simulado 010,10001370-3,40,F,129,72,56
10,49,Paciente Simulado 010,10001370-3,40,F,120,66,94
10,50,Paciente Simulado 010,10001370-3,40,F,130,65,95
11,51,Paciente Simulado 011,10001507-2,52,M,150,84,62
11,52,Paciente Simulado 011,10001507-2,52,M,150,90,85
11,53,Paciente Simulado 011,10001507-2,52,M,150,87,60
11,54,Paciente Simulado 011,10001507-2,52,M,139,84,102
11,55,Paciente Simulado 011,10001507-2,52,M,145,87,85
12,56,Paciente Simulado 012,10001644-3,40,F,121,95,99
12,57,Paciente Simulado 012,10001644-3,40,F,110,101,74
12,58,Paciente Simulado 012,10001644-3,40,F,112,97,88
12,59,Paciente Simulado 012,10001644-3,40,F,121,95,77
12,60,Paciente Simulado 012,10001644-3,40,F,117,101,89
13,61,Paciente Simulado 013,10001781-4,84,M,143,77,80
13,62,Paciente Simulado 013,10001781-4,84,M,144,77,88
13,63,Paciente Simulado 013,10001781-4,84,M,152,79,101
13,64,Paciente Simulado 013,10001781-4,84,M,137,74,105
13,65,Paciente Simulado 013,10001781-4,84,M,145,81,71
14,66,Paciente Simulado 014,10001918-3,44,M,136,83,69
14,67,Paciente Simulado 014,10001918-3,44,M,128,85,85
14,68,Paciente Simulado 014,10001918-3,44,M,131,87,68
14,69,Paciente Simulado 014,10001918-3,44,M,140,91,94
14,70,Paciente Simulado 014,10001918-3,44,M,125,89,96
15,71,Paciente Simulado 015,10002055-6,64,F,151,70,85
15,72,Paciente Simulado 015,10002055-6,64,F,144,73,105
15,73,Paciente Simulado 015,10002055-6,64,F,149,68,101
15,74,Paciente Simulado 015,10002055-6,64,F,151,74,80
15,75,Paciente Simulado 015,10002055-6,64,F,141,69,65
16,76,Paciente Simulado 016,10002192-7,36,F,110,98,93
16,77,Paciente Simulado 016,10002192-7,36,F,121,99,77
16,78,Paciente Simulado 016,10002192-7,36,F,110,97,90
16,79,Paciente Simulado 016,10002192-7,36,F,110,89,55
16,80,Paciente Simulado 016,10002192-7,36,F,109,97,102
17,81,Paciente Simulado 017,10002329-6,37,M,109,77,68
17,82,Paciente Simulado 017,10002329-6,37,M,118,81,70
17,83,Paciente Simulado 017,10002329-6,37,M,119,77,89
17,84,Paciente Simulado 017,10002329-6,37,M,122,75,58
17,85,Paciente Simulado 017,10002329-6,37,M,120,80,97
18,86,Paciente Simulado 018,10002466-7,73,F,147,77,56
18,87,Paciente Simulado 018,10002466-7,73,F,145,71,93
18,88,Paciente Simulado 018,10002466-7,73,F,131,71,66
18,89,Paciente Simulado 018,10002466-7,73,F,135,76,94
18,90,Paciente Simulado 018,10002466-7,73,F,134,77,58
19,91,Paciente Simulado 019,10002603-1,61,M,148,69,67
19,92,Paciente Simulado 019,10002603-1,61,M,155,66,104
19,93,Paciente Simulado 019,10002603-1,61,M,150,74,83
19,94,Paciente Simulado 019,10002603-1,61,M,147,67,83
19,95,Paciente Simulado 019,10002603-1,61,M,157,75,87
20,96,Paciente Simulado 020,10002740-2,85,F,155,85,89
20,97,Paciente Simulado 020,10002740-2,85,F,156,85,70
20,98,Paciente Simulado 020,10002740-2,85,F,157,81,90
20,99,Paciente Simulado 020,10002740-2,85,F,147,84,63
20,100,Paciente Simulado 020,10002740-2,85,F,154,78,80
21,101,Paciente Simulado 021,10002877-8,76,M,114,76,68
21,102,Paciente Simulado 021,10002877-8,76,M,110,76,104
21,103,Paciente Simulado 021,10002877-8,76,M,105,85,97
21,104,Paciente Simulado 021,10002877-8,76,M,112,77,71
21,105,Paciente Simulado 021,10002877-8,76,M,105,82,69
22,106,Paciente Simulado 022,10003014-4,32,M,135,72,100
22,107,Paciente Simulado 022,10003014-4,32,M,141,78,80
22,108,Paciente Simulado 022,10003014-4,32,M,138,76,67
22,109,Paciente Simulado 022,10003014-4,32,M,139,75,60
22,110,Paciente Simulado 022,10003014-4,32,M,139,70,76
23,111,Paciente Simulado 023,10003151-5,78,M,154,66,88
23,112,Paciente Simulado 023,10003151-5,78,M,151,69,59
23,113,Paciente Simulado 023,10003151-5,78,M,145,64,61
23,114,Paciente Simulado 023,10003151-5,78,M,144,65,72
23,115,Paciente Simulado 023,10003151-5,78,M,143,63,72
24,116,Paciente Simulado 024,10003288-0,36,M,152,78,89
24,117,Paciente Simulado 024,10003288-0,36,M,156,85,86
24,118,Paciente Simulado 024,10003288-0,36,M,150,77,72
24,119,Paciente Simulado 024,10003288-0,36,M,141,78,82
24,120,Paciente Simulado 024,10003288-0,36,M,142,80,56
25,121,Paciente Simulado 025,10003425-5,31,M,104,78,62
25,122,Paciente Simulado 025,10003425-5,31,M,116,74,76
25,123,Paciente Simulado 025,10003425-5,31,M,115,78,94
25,124,Paciente Simulado 025,10003425-5,31,M,106,74,88
25,125,Paciente Simulado 025,10003425-5,31,M,109,75,65
26,126,Paciente Simulado 026,10003562-6,53,F,117,82,74
26,127,Paciente Simulado 026,10003562-6,53,F,124,75,73
26,128,Paciente Simulado 026,10003562-6,53,F,122,80,98
26,129,Paciente Simulado 026,10003562-6,53,F,113,76,77
26,130,Paciente Simulado 026,10003562-6,53,F,108,76,57
27,131,Paciente Simulado 027,10003699-1,21,F,149,100,85
27,132,Paciente Simulado 027,10003699-1,21,F,150,99,61
27,133,Paciente Simulado 027,10003699-1,21,F,156,102,86
27,134,Paciente Simulado 027,10003699-1,21,F,155,100,74
27,135,Paciente Simulado 027,10003699-1,21,F,149,95,76
28,136,Paciente Simulado 028,10003836-6,45,F,123,84,55
28,137,Paciente Simulado 028,10003836-6,45,F,124,92,102
28,138,Paciente Simulado 028,10003836-6,45,F,130,88,65
28,139,Paciente Simulado 028,10003836-6,45,F,123,83,97
28,140,Paciente Simulado 028,10003836-6,45,F,134,90,97
29,141,Paciente Simulado 029,10003973-7,56,F,142,85,66
29,142,Paciente Simulado 029,10003973-7,56,F,146,82,83
29,143,Paciente Simulado 029,10003973-7,56,F,141,82,78
29,144,Paciente Simulado 029,10003973-7,56,F,151,86,75
29,145,Paciente Simulado 029,10003973-7,56,F,148,78,74
30,146,Paciente Simulado 030,10004110-3,47,M,118,66,60
30,147,Paciente Simulado 030,10004110-3,47,M,123,64,87
30,148,Paciente Simulado 030,10004110-3,47,M,114,63,87
30,149,Paciente Simulado 030,10004110-3,47,M,108,61,71
30,150,Paciente Simulado 030,10004110-3,47,M,110,62,80
31,151,Paciente Simulado 031,10004247-9,25,M,107,89,69
31,152,Paciente Simulado 031,10004247-9,25,M,100,88,88
31,153,Paciente Simulado 031,10004247-9,25,M,102,89,100
31,154,Paciente Simulado 031,10004247-9,25,M,110,84,101
31,155,Paciente Simulado 031,10004247-9,25,M,113,81,73
32,156,Paciente Simulado 032,10004384-K,38,F,155,100,63
32,157,Paciente Simulado 032,10004384-K,38,F,158,100,91
32,158,Paciente Simulado 032,10004384-K,38,F,142,102,92
32,159,Paciente Simulado 032,10004384-K,38,F,149,93,56
32,160,Paciente Simulado 032,10004384-K,38,F,143,94,95
33,161,Paciente Simulado 033,10004521-4,66,F,122,98,56
33,162,Paciente Simulado 033,10004521-4,66,F,128,95,71
33,163,Paciente Simulado 033,10004521-4,66,F,121,95,59
33,164,Paciente Simulado 033,10004521-4,66,F,137,96,60
33,165,Paciente Simulado 033,10004521-4,66,F,137,89,102
34,166,Paciente Simulado 034,10004658-K,80,M,108,79,69
34,167,Paciente Simulado 034,10004658-K,80,M,115,83,79
34,168,Paciente Simulado 034,10004658-K,80,M,103,83,98
34,169,Paciente Simulado 034,10004658-K,80,M,110,76,94
34,170,Paciente Simulado 034,10004658-K,80,M,107,77,93
35,171,Paciente Simulado 035,10004795-0,38,M,117,79,85
35,172,Paciente Simulado 035,10004795-0,38,M,114,86,72
35,173,Paciente Simulado 035,10004795-0,38,M,116,82,98
35,174,Paciente Simulado 035,10004795-0,38,M,128,83,100
35,175,Paciente Simulado 035,10004795-0,38,M,129,83,84
36,176,Paciente Simulado 036,10004932-5,79,M,152,71,60
36,177,Paciente Simulado 036,10004932-5,79,M,161,67,73
36,178,Paciente Simulado 036,10004932-5,79,M,160,68,87
36,179,Paciente Simulado 036,10004932-5,79,M,160,71,79
36,180,Paciente Simulado 036,10004932-5,79,M,152,70,59
37,181,Paciente Simulado 037,10005069-2,31,F,152,98,63
37,182,Paciente Simulado 037,10005069-2,31,F,160,97,62
37,183,Paciente Simulado 037,10005069-2,31,F,155,96,86
37,184,Paciente Simulado 037,10005069-2,31,F,159,99,56
37,185,Paciente Simulado 037,10005069-2,31,F,149,93,86
38,186,Paciente Simulado 038,10005206-7,77,M,129,74,79
38,187,Paciente Simulado 038,10005206-7,77,M,126,70,76
38,188,Paciente Simulado 038,10005206-7,77,M,116,74,103
38,189,Paciente Simulado 038,10005206-7,77,M,126,75,62
38,190,Paciente Simulado 038,10005206-7,77,M,122,69,102
39,191,Paciente Simulado 039,10005343-8,57,M,132,70,92
39,192,Paciente Simulado 039,10005343-8,57,M,122,69,82
39,193,Paciente Simulado 039,10005343-8,57,M,128,64,72
39,194,Paciente Simulado 039,10005343-8,57,M,123,64,97
39,195,Paciente Simulado 039,10005343-8,57,M,129,74,64
40,196,Paciente Simulado 040,10005480-9,51,M,134,95,104
40,197,Paciente Simulado 040,10005480-9,51,M,135,98,56
40,198,Paciente Simulado 040,10005480-9,51,M,136,100,90
40,199,Paciente Simulado 040,10005480-9,51,M,130,93,58
40,200,Paciente Simulado 040,10005480-9,51,M,137,99,94
41,201,Paciente Simulado 041,10005617-8,37,M,132,65,85
41,202,Paciente Simulado 041,10005617-8,37,M,141,68,73
41,203,Paciente Simulado 041,10005617-8,37,M,137,67,102
41,204,Paciente Simulado 041,10005617-8,37,M,136,69,96
41,205,Paciente Simulado 041,10005617-8,37,M,135,67,85
42,206,Paciente Simulado 042,10005754-9,70,F,109,73,87
42,207,Paciente Simulado 042,10005754-9,70,F,122,78,69
42,208,Paciente Simulado 042,10005754-9,70,F,121,75,103
42,209,Paciente Simulado 042,10005754-9,70,F,121,76,63
42,210,Paciente Simulado 042,10005754-9,70,F,113,73,60
43,211,Paciente Simulado 043,10005891-K,42,M,142,68,78
43,212,Paciente Simulado 043,10005891-K,42,M,140,74,67
43,213,Paciente Simulado 043,10005891-K,42,M,132,71,79
43,214,Paciente Simulado 043,10005891-K,42,M,145,73,68
43,215,Paciente Simulado 043,10005891-K,42,M,144,69,76
44,216,Paciente Simulado 044,10006028-0,27,M,118,93,87
44,217,Paciente Simulado 044,10006028-0,27,M,130,93,105
44,218,Paciente Simulado 044,10006028-0,27,M,120,84,72
44,219,Paciente Simulado 044,10006028-0,27,M,121,89,80
44,220,Paciente Simulado 044,10006028-0,27,M,128,89,74
45,221,Paciente Simulado 045,10006165-1,22,F,114,96,86
45,222,Paciente Simulado 045,10006165-1,22,F,102,88,80
45,223,Paciente Simulado 045,10006165-1,22,F,115,94,83
45,224,Paciente Simulado 045,10006165-1,22,F,106,88,69
45,225,Paciente Simulado 045,10006165-1,22,F,103,89,88
46,226,Paciente Simulado 046,10006302-6,33,M,102,64,69
46,227,Paciente Simulado 046,10006302-6,33,M,103,72,100
46,228,Paciente Simulado 046,10006302-6,33,M,111,64,95
46,229,Paciente Simulado 046,10006302-6,33,M,110,70,95
46,230,Paciente Simulado 046,10006302-6,33,M,115,63,61
47,231,Paciente Simulado 047,10006439-1,29,M,142,76,69
47,232,Paciente Simulado 047,10006439-1,29,M,130,72,89
47,233,Paciente Simulado 047,10006439-1,29,M,139,79,72
47,234,Paciente Simulado 047,10006439-1,29,M,140,82,70
47,235,Paciente Simulado 047,10006439-1,29,M,145,80,70
48,236,Paciente Simulado 048,10006576-2,51,F,124,79,67
48,237,Paciente Simulado 048,10006576-2,51,F,138,89,96
48,238,Paciente Simulado 048,10006576-2,51,F,136,80,71
48,239,Paciente Simulado 048,10006576-2,51,F,130,89,82
48,240,Paciente Simulado 048,10006576-2,51,F,134,82,86
49,241,Paciente Simulado 049,10006713-7,24,M,153,96,80
49,242,Paciente Simulado 049,10006713-7,24,M,148,86,73
49,243,Paciente Simulado 049,10006713-7,24,M,158,87,68
49,244,Paciente Simulado 049,10006713-7,24,M,157,89,74
49,245,Paciente Simulado 049,10006713-7,24,M,148,89,84
50,246,Paciente Simulado 050,10006850-8,48,M,148,87,86
50,247,Paciente Simulado 050,10006850-8,48,M,150,81,86
50,248,Paciente Simulado 050,10006850-8,48,M,158,88,58
50,249,Paciente Simulado 050,10006850-8,48,M,149,84,58
50,250,Paciente Simulado 050,10006850-8,48,M,151,78,93
51,251,Paciente Simulado 051,10006987-3,38,M,105,69,83
51,252,Paciente Simulado 051,10006987-3,38,M,110,64,60
51,253,Paciente Simulado 051,10006987-3,38,M,105,68,67
51,254,Paciente Simulado 051,10006987-3,38,M,105,73,88
51,255,Paciente Simulado 051,10006987-3,38,M,114,63,74
52,256,Paciente Simulado 052,10007124-K,68,M,123,89,55
52,257,Paciente Simulado 052,10007124-K,68,M,120,92,60
52,258,Paciente Simulado 052,10007124-K,68,M,129,94,62
52,259,Paciente Simulado 052,10007124-K,68,M,124,94,77
52,260,Paciente Simulado 052,10007124-K,68,M,127,94,60
53,261,Paciente Simulado 053,10007261-0,26,M,123,86,75
53,262,Paciente Simulado 053,10007261-0,26,M,120,90,56
53,263,Paciente Simulado 053,10007261-0,26,M,122,86,95
53,264,Paciente Simulado 053,10007261-0,26,M,121,83,79
53,265,Paciente Simulado 053,10007261-0,26,M,110,90,59
54,266,Paciente Simulado 054,10007398-6,27,M,119,69,72
54,267,Paciente Simulado 054,10007398-6,27,M,119,73,57
54,268,Paciente Simulado 054,10007398-6,27,M,117,69,72
54,269,Paciente Simulado 054,10007398-6,27,M,118,64,101
54,270,Paciente Simulado 054,10007398-6,27,M,111,64,69
55,271,Paciente Simulado 055,10007535-0,33,M,154,93,82
55,272,Paciente Simulado 055,10007535-0,33,M,157,91,86
55,273,Paciente Simulado 055,10007535-0,33,M,147,89,102
55,274,Paciente Simulado 055,10007535-0,33,M,151,91,93
55,275,Paciente Simulado 055,10007535-0,33,M,149,94,75
56,276,Paciente Simulado 056,10007672-1,78,M,163,68,80
56,277,Paciente Simulado 056,10007672-1,78,M,152,68,81
56,278,Paciente Simulado 056,10007672-1,78,M,149,75,57
56,279,Paciente Simulado 056,10007672-1,78,M,162,73,89
56,280,Paciente Simulado 056,10007672-1,78,M,157,67,82
57,281,Paciente Simulado 057,10007809-0,33,F,119,66,81
57,282,Paciente Simulado 057,10007809-0,33,F,128,72,66
57,283,Paciente Simulado 057,10007809-0,33,F,120,67,81
57,284,Paciente Simulado 057,10007809-0,33,F,127,74,98
57,285,Paciente Simulado 057,10007809-0,33,F,120,73,104
58,286,Paciente Simulado 058,10007946-1,35,M,123,82,71
58,287,Paciente Simulado 058,10007946-1,35,M,123,80,83
58,288,Paciente Simulado 058,10007946-1,35,M,122,79,70
58,289,Paciente Simulado 058,10007946-1,35,M,122,79,73
58,290,Paciente Simulado 058,10007946-1,35,M,121,82,59
59,291,Paciente Simulado 059,10008083-4,70,M,128,95,96
59,292,Paciente Simulado 059,10008083-4,70,M,115,102,84
59,293,Paciente Simulado 059,10008083-4,70,M,113,93,55
59,294,Paciente Simulado 059,10008083-4,70,M,127,95,83
59,295,Paciente Simulado 059,10008083-4,70,M,123,92,73
60,296,Paciente Simulado 060,10008220-9,49,F,106,73,78
60,297,Paciente Simulado 060,10008220-9,49,F,116,74,83
60,298,Paciente Simulado 060,10008220-9,49,F,108,82,55
60,299,Paciente Simulado 060,10008220-9,49,F,103,82,93
60,300,Paciente Simulado 060,10008220-9,49,F,111,75,57
61,301,Paciente Simulado 061,10008357-4,67,M,112,66,57
61,302,Paciente Simulado 061,10008357-4,67,M,112,62,75
61,303,Paciente Simulado 061,10008357-4,67,M,119,72,78
61,304,Paciente Simulado 061,10008357-4,67,M,111,71,74
61,305,Paciente Simulado 061,10008357-4,67,M,108,65,57
62,306,Paciente Simulado 062,10008494-5,83,M,104,92,97
62,307,Paciente Simulado 062,10008494-5,83,M,105,96,89
62,308,Paciente Simulado 062,10008494-5,83,M,103,96,65
62,309,Paciente Simulado 062,10008494-5,83,M,113,90,81
62,310,Paciente Simulado 062,10008494-5,83,M,110,96,74
63,311,Paciente Simulado 063,10008631-K,73,F,129,88,56
63,312,Paciente Simulado 063,10008631-K,73,F,127,92,67
63,313,Paciente Simulado 063,10008631-K,73,F,128,88,68
63,314,Paciente Simulado 063,10008631-K,73,F,116,88,65
63,315,Paciente Simulado 063,10008631-K,73,F,129,83,60
64,316,Paciente Simulado 064,10008768-5,71,M,130,70,58
64,317,Paciente Simulado 064,10008768-5,71,M,130,80,80
64,318,Paciente Simulado 064,10008768-5,71,M,128,79,94
64,319,Paciente Simulado 064,10008768-5,71,M,137,78,65
64,320,Paciente Simulado 064,10008768-5,71,M,130,75,73
65,321,Paciente Simulado 065,10008905-K,40,F,113,73,103
65,322,Paciente Simulado 065,10008905-K,40,F,107,70,63
65,323,Paciente Simulado 065,10008905-K,40,F,102,73,75
65,324,Paciente Simulado 065,10008905-K,40,F,102,75,95
65,325,Paciente Simulado 065,10008905-K,40,F,113,67,100
66,326,Paciente Simulado 066,10009042-2,40,F,142,92,66
66,327,Paciente Simulado 066,10009042-2,40,F,142,85,80
66,328,Paciente Simulado 066,10009042-2,40,F,152,87,79
66,329,Paciente Simulado 066,10009042-2,40,F,147,86,64
66,330,Paciente Simulado 066,10009042-2,40,F,143,88,57
67,331,Paciente Simulado 067,10009179-8,24,M,118,92,95
67,332,Paciente Simulado 067,10009179-8,24,M,113,94,81
67,333,Paciente Simulado 067,10009179-8,24,M,113,93,70
67,334,Paciente Simulado 067,10009179-8,24,M,117,90,97
67,335,Paciente Simulado 067,10009179-8,24,M,115,91,87
68,336,Paciente Simulado 068,10009316-2,76,F,113,67,70
68,337,Paciente Simulado 068,10009316-2,76,F,112,69,104
68,338,Paciente Simulado 068,10009316-2,76,F,112,62,85
68,339,Paciente Simulado 068,10009316-2,76,F,110,61,59
68,340,Paciente Simulado 068,10009316-2,76,F,102,65,82
69,341,Paciente Simulado 069,10009453-3,66,F,141,102,57
69,342,Paciente Simulado 069,10009453-3,66,F,126,102,63
69,343,Paciente Simulado 069,10009453-3,66,F,127,97,104
69,344,Paciente Simulado 069,10009453-3,66,F,141,93,58
69,345,Paciente Simulado 069,10009453-3,66,F,141,98,96
70,346,Paciente Simulado 070,10009590-4,37,F,107,69,86
70,347,Paciente Simulado 070,10009590-4,37,F,110,69,98
70,348,Paciente Simulado 070,10009590-4,37,F,108,68,77
70,349,Paciente Simulado 070,10009590-4,37,F,109,69,75
70,350,Paciente Simulado 070,10009590-4,37,F,109,74,64
71,351,Paciente Simulado 071,10009727-3,52,M,126,79,75
71,352,Paciente Simulado 071,10009727-3,52,M,121,76,67
71,353,Paciente Simulado 071,10009727-3,52,M,115,82,65
71,354,Paciente Simulado 071,10009727-3,52,M,118,86,75
71,355,Paciente Simulado 071,10009727-3,52,M,122,78,105
72,356,Paciente Simulado 072,10009864-4,53,F,147,103,78
72,357,Paciente Simulado 072,10009864-4,53,F,160,101,88
72,358,Paciente Simulado 072,10009864-4,53,F,149,97,89
72,359,Paciente Simulado 072,10009864-4,53,F,158,98,71
72,360,Paciente Simulado 072,10009864-4,53,F,158,98,91
73,361,Paciente Simulado 073,10010001-0,38,M,132,68,66
73,362,Paciente Simulado 073,10010001-0,38,M,119,69,88
73,363,Paciente Simulado 073,10010001-0,38,M,126,69,95
73,364,Paciente Simulado 073,10010001-0,38,M,128,65,102
73,365,Paciente Simulado 073,10010001-0,38,M,119,68,64
74,366,Paciente Simulado 074,10010138-6,57,M,134,92,63
74,367,Paciente Simulado 074,10010138-6,57,M,138,95,94
74,368,Paciente Simulado 074,10010138-6,57,M,124,92,58
74,369,Paciente Simulado 074,10010138-6,57,M,123,101,77
74,370,Paciente Simulado 074,10010138-6,57,M,132,93,88
75,371,Paciente Simulado 075,10010275-7,65,F,127,82,78
75,372,Paciente Simulado 075,10010275-7,65,F,138,81,63
75,373,Paciente Simulado 075,10010275-7,65,F,123,82,100
75,374,Paciente Simulado 075,10010275-7,65,F,127,86,61
75,375,Paciente Simulado 075,10010275-7,65,F,125,89,64
76,376,Paciente Simulado 076,10010412-1,54,M,114,70,90
76,377,Paciente Simulado 076,10010412-1,54,M,124,69,96
76,378,Paciente Simulado 076,10010412-1,54,M,127,69,88
76,379,Paciente Simulado 076,10010412-1,54,M,128,63,65
76,380,Paciente Simulado 076,10010412-1,54,M,113,60,58
77,381,Paciente Simulado 077,10010549-7,23,M,113,75,104
77,382,Paciente Simulado 077,10010549-7,23,M,111,75,94
77,383,Paciente Simulado 077,10010549-7,23,M,114,77,81
77,384,Paciente Simulado 077,10010549-7,23,M,114,83,93
77,385,Paciente Simulado 077,10010549-7,23,M,124,85,96
78,386,Paciente Simulado 078,10010686-8,73,F,131,83,95
78,387,Paciente Simulado 078,10010686-8,73,F,130,86,100
78,388,Paciente Simulado 078,10010686-8,73,F,129,85,82
78,389,Paciente Simulado 078,10010686-8,73,F,143,80,102
78,390,Paciente Simulado 078,10010686-8,73,F,143,81,69
79,391,Paciente Simulado 079,10010823-2,33,M,114,67,102
79,392,Paciente Simulado 079,10010823-2,33,M,119,62,72
79,393,Paciente Simulado 079,10010823-2,33,M,124,72,105
79,394,Paciente Simulado 079,10010823-2,33,M,127,66,73
79,395,Paciente Simulado 079,10010823-2,33,M,117,63,87
80,396,Paciente Simulado 080,10010960-3,21,F,119,77,102
80,397,Paciente Simulado 080,10010960-3,21,F,123,78,79
80,398,Paciente Simulado 080,10010960-3,21,F,123,84,70
80,399,Paciente Simulado 080,10010960-3,21,F,125,85,99
80,400,Paciente Simulado 080,10010960-3,21,F,128,82,88
81,401,Paciente Simulado 081,10011097-0,20,F,133,77,80
81,402,Paciente Simulado 081,10011097-0,20,F,126,83,65
81,403,Paciente Simulado 081,10011097-0,20,F,128,74,56
81,404,Paciente Simulado 081,10011097-0,20,F,127,75,94
81,405,Paciente Simulado 081,10011097-0,20,F,129,79,64
82,406,Paciente Simulado 082,10011234-5,23,F,100,69,102
82,407,Paciente Simulado 082,10011234-5,23,F,100,69,92
82,408,Paciente Simulado 082,10011234-5,23,F,110,71,89
82,409,Paciente Simulado 082,10011234-5,23,F,101,74,61
82,410,Paciente Simulado 082,10011234-5,23,F,106,71,68
83,411,Paciente Simulado 083,10011371-6,34,F,108,72,61
83,412,Paciente Simulado 083,10011371-6,34,F,103,66,105
83,413,Paciente Simulado 083,10011371-6,34,F,105,69,75
83,414,Paciente Simulado 083,10011371-6,34,F,109,71,71
83,415,Paciente Simulado 083,10011371-6,34,F,99,70,71
84,416,Paciente Simulado 084,10011508-5,56,F,152,92,87
84,417,Paciente Simulado 084,10011508-5,56,F,157,87,94
84,418,Paciente Simulado 084,10011508-5,56,F,142,89,56
84,419,Paciente Simulado 084,10011508-5,56,F,155,91,104
84,420,Paciente Simulado 084,10011508-5,56,F,145,88,85
85,421,Paciente Simulado 085,10011645-6,26,F,151,67,82
85,422,Paciente Simulado 085,10011645-6,26,F,142,73,67
85,423,Paciente Simulado 085,10011645-6,26,F,151,65,55
85,424,Paciente Simulado 085,10011645-6,26,F,153,72,61
85,425,Paciente Simulado 085,10011645-6,26,F,157,67,86
86,426,Paciente Simulado 086,10011782-7,64,M,142,73,99
86,427,Paciente Simulado 086,10011782-7,64,M,140,77,65
86,428,Paciente Simulado 086,10011782-7,64,M,136,80,104
86,429,Paciente Simulado 086,10011782-7,64,M,135,77,105
86,430,Paciente Simulado 086,10011782-7,64,M,136,80,75
87,431,Paciente Simulado 087,10011919-6,65,F,124,91,96
87,432,Paciente Simulado 087,10011919-6,65,F,122,90,68
87,433,Paciente Simulado 087,10011919-6,65,F,131,89,82
87,434,Paciente Simulado 087,10011919-6,65,F,138,87,79
87,435,Paciente Simulado 087,10011919-6,65,F,129,92,63
88,436,Paciente Simulado 088,10012056-9,24,M,150,82,83
88,437,Paciente Simulado 088,10012056-9,24,M,144,82,84
88,438,Paciente Simulado 088,10012056-9,24,M,148,84,92
88,439,Paciente Simulado 088,10012056-9,24,M,141,82,76
88,440,Paciente Simulado 088,10012056-9,24,M,148,90,99
89,441,Paciente Simulado 089,10012193-K,50,F,118,81,70
89,442,Paciente Simulado 089,10012193-K,50,F,124,88,88
89,443,Paciente Simulado 089,10012193-K,50,F,125,81,70
89,444,Paciente Simulado 089,10012193-K,50,F,124,82,71
89,445,Paciente Simulado 089,10012193-K,50,F,117,81,97
90,446,Paciente Simulado 090,10012330-4,33,F,125,73,101
90,447,Paciente Simulado 090,10012330-4,33,F,130,75,72
90,448,Paciente Simulado 090,10012330-4,33,F,127,70,95
90,449,Paciente Simulado 090,10012330-4,33,F,124,73,68
90,450,Paciente Simulado 090,10012330-4,33,F,133,76,57
91,451,Paciente Simulado 091,10012467-K,21,M,154,95,95
91,452,Paciente Simulado 091,10012467-K,21,M,156,94,56
91,453,Paciente Simulado 091,10012467-K,21,M,151,91,93
91,454,Paciente Simulado 091,10012467-K,21,M,159,87,102
91,455,Paciente Simulado 091,10012467-K,21,M,154,93,99
92,456,Paciente Simulado 092,10012604-4,73,F,144,84,62
92,457,Paciente Simulado 092,10012604-4,73,F,153,80,75
92,458,Paciente Simulado 092,10012604-4,73,F,147,84,99
92,459,Paciente Simulado 092,10012604-4,73,F,142,80,70
92,460,Paciente Simulado 092,10012604-4,73,F,151,84,65
93,461,Paciente Simulado 093,10012741-5,52,M,127,98,81
93,462,Paciente Simulado 093,10012741-5,52,M,143,99,97
93,463,Paciente Simulado 093,10012741-5,52,M,132,99,75
93,464,Paciente Simulado 093,10012741-5,52,M,127,95,86
93,465,Paciente Simulado 093,10012741-5,52,M,130,89,71
94,466,Paciente Simulado 094,10012878-0,47,F,158,77,61
94,467,Paciente Simulado 094,10012878-0,47,F,156,80,68
94,468,Paciente Simulado 094,10012878-0,47,F,157,80,56
94,469,Paciente Simulado 094,10012878-0,47,F,153,80,76
94,470,Paciente Simulado 094,10012878-0,47,F,155,79,68
95,471,Paciente Simulado 095,10013015-7,43,M,140,77,58
95,472,Paciente Simulado 095,10013015-7,43,M,137,71,79
95,473,Paciente Simulado 095,10013015-7,43,M,141,67,55
95,474,Paciente Simulado 095,10013015-7,43,M,131,73,81
95,475,Paciente Simulado 095,10013015-7,43,M,140,76,71
96,476,Paciente Simulado 096,10013152-8,33,F,132,88,80
96,477,Paciente Simulado 096,10013152-8,33,F,130,88,65
96,478,Paciente Simulado 096,10013152-8,33,F,120,86,95
96,479,Paciente Simulado 096,10013152-8,33,F,122,92,96
96,480,Paciente Simulado 096,10013152-8,33,F,123,87,77
97,481,Paciente Simulado 097,10013289-3,72,M,130,73,105
97,482,Paciente Simulado 097,10013289-3,72,M,122,72,100
97,483,Paciente Simulado 097,10013289-3,72,M,127,78,71
97,484,Paciente Simulado 097,10013289-3,72,M,128,78,66
97,485,Paciente Simulado 097,10013289-3,72,M,130,68,101
98,486,Paciente Simulado 098,10013426-8,55,M,122,86,86
98,487,Paciente Simulado 098,10013426-8,55,M,125,88,95
98,488,Paciente Simulado 098,10013426-8,55,M,114,89,78
98,489,Paciente Simulado 098,10013426-8,55,M,116,83,79
98,490,Paciente Simulado 098,10013426-8,55,M,113,80,91
99,491,Paciente Simulado 099,10013563-9,61,F,130,92,55
99,492,Paciente Simulado 099,10013563-9,61,F,136,83,96
99,493,Paciente Simulado 099,10013563-9,61,F,139,86,93
99,494,Paciente Simulado 099,10013563-9,61,F,133,91,64
99,495,Paciente Simulado 099,10013563-9,61,F,137,84,104
100,496,Paciente Simulado 100,10013700-3,77,M,153,75,105
100,497,Paciente Simulado 100,10013700-3,77,M,152,78,99
100,498,Paciente Simulado 100,10013700-3,77,M,149,79,90
100,499,Paciente Simulado 100,10013700-3,77,M,156,72,86
100,500,Paciente Simulado 100,10013700-3,77,M,153,77,60
101,501,Paciente Simulado 101,10013837-9,76,F,140,73,69
101,502,Paciente Simulado 101,10013837-9,76,F,136,74,86
101,503,Paciente Simulado 101,10013837-9,76,F,133,74,84
101,504,Paciente Simulado 101,10013837-9,76,F,136,74,70
101,505,Paciente Simulado 101,10013837-9,76,F,147,69,89
102,506,Paciente Simulado 102,10013974-K,20,F,132,99,73
102,507,Paciente Simulado 102,10013974-K,20,F,131,94,82
102,508,Paciente Simulado 102,10013974-K,20,F,130,99,59
102,509,Paciente Simulado 102,10013974-K,20,F,122,99,78
102,510,Paciente Simulado 102,10013974-K,20,F,117,89,94
103,511,Paciente Simulado 103,10014111-6,25,M,118,99,103
103,512,Paciente Simulado 103,10014111-6,25,M,107,92,68
103,513,Paciente Simulado 103,10014111-6,25,M,116,102,63
103,514,Paciente Simulado 103,10014111-6,25,M,113,93,97
103,515,Paciente Simulado 103,10014111-6,25,M,114,97,85
104,516,Paciente Simulado 104,10014248-1,46,M,137,85,90
104,517,Paciente Simulado 104,10014248-1,46,M,125,85,73
104,518,Paciente Simulado 104,10014248-1,46,M,135,88,80
104,519,Paciente Simulado 104,10014248-1,46,M,134,89,72
104,520,Paciente Simulado 104,10014248-1,46,M,140,86,68
105,521,Paciente Simulado 105,10014385-2,83,F,128,76,63
105,522,Paciente Simulado 105,10014385-2,83,F,120,72,80
105,523,Paciente Simulado 105,10014385-2,83,F,130,80,91
105,524,Paciente Simulado 105,10014385-2,83,F,119,78,74
105,525,Paciente Simulado 105,10014385-2,83,F,121,72,57
106,526,Paciente Simulado 106,10014522-7,44,M,151,71,94
106,527,Paciente Simulado 106,10014522-7,44,M,147,72,64
106,528,Paciente Simulado 106,10014522-7,44,M,137,66,57
106,529,Paciente Simulado 106,10014522-7,44,M,149,73,103
106,530,Paciente Simulado 106,10014522-7,44,M,140,64,97
107,531,Paciente Simulado 107,10014659-2,43,F,123,71,63
107,532,Paciente Simulado 107,10014659-2,43,F,132,74,100
107,533,Paciente Simulado 107,10014659-2,43,F,131,70,66
107,534,Paciente Simulado 107,10014659-2,43,F,136,66,75
107,535,Paciente Simulado 107,10014659-2,43,F,123,72,91
108,536,Paciente Simulado 108,10014796-3,26,M,134,94,104
108,537,Paciente Simulado 108,10014796-3,26,M,146,102,99
108,538,Paciente Simulado 108,10014796-3,26,M,145,100,59
108,539,Paciente Simulado 108,10014796-3,26,M,133,103,79
108,540,Paciente Simulado 108,10014796-3,26,M,137,100,104
109,541,Paciente Simulado 109,10014933-8,72,F,108,92,95
109,542,Paciente Simulado 109,10014933-8,72,F,105,96,55
109,543,Paciente Simulado 109,10014933-8,72,F,105,100,97
109,544,Paciente Simulado 109,10014933-8,72,F,105,91,68
109,545,Paciente Simulado 109,10014933-8,72,F,105,92,85
110,546,Paciente Simulado 110,10015070-0,22,M,157,77,58
110,547,Paciente Simulado 110,10015070-0,22,M,154,77,101
110,548,Paciente Simulado 110,10015070-0,22,M,145,79,95
110,549,Paciente Simulado 110,10015070-0,22,M,158,82,97
110,550,Paciente Simulado 110,10015070-0,22,M,151,75,100
111,551,Paciente Simulado 111,10015207-K,24,F,102,66,74
111,552,Paciente Simulado 111,10015207-K,24,F,109,69,65
111,553,Paciente Simulado 111,10015207-K,24,F,115,69,58
111,554,Paciente Simulado 111,10015207-K,24,F,110,65,91
111,555,Paciente Simulado 111,10015207-K,24,F,114,67,98
112,556,Paciente Simulado 112,10015344-0,41,F,109,93,81
112,557,Paciente Simulado 112,10015344-0,41,F,119,89,104
112,558,Paciente Simulado 112,10015344-0,41,F,118,87,105
112,559,Paciente Simulado 112,10015344-0,41,F,114,87,72
112,560,Paciente Simulado 112,10015344-0,41,F,105,92,96
113,561,Paciente Simulado 113,10015481-1,62,F,119,82,79
113,562,Paciente Simulado 113,10015481-1,62,F,118,89,79
113,563,Paciente Simulado 113,10015481-1,62,F,113,86,73
113,564,Paciente Simulado 113,10015481-1,62,F,106,84,71
113,565,Paciente Simulado 113,10015481-1,62,F,114,85,65
114,566,Paciente Simulado 114,10015618-0,25,M,114,77,98
114,567,Paciente Simulado 114,10015618-0,25,M,121,74,89
114,568,Paciente Simulado 114,10015618-0,25,M,108,77,90
114,569,Paciente Simulado 114,10015618-0,25,M,121,75,67
114,570,Paciente Simulado 114,10015618-0,25,M,113,73,93
115,571,Paciente Simulado 115,10015755-1,27,M,134,82,103
115,572,Paciente Simulado 115,10015755-1,27,M,126,79,84
115,573,Paciente Simulado 115,10015755-1,27,M,128,81,77
115,574,Paciente Simulado 115,10015755-1,27,M,128,76,80
115,575,Paciente Simulado 115,10015755-1,27,M,142,77,88
116,576,Paciente Simulado 116,10015892-2,61,M,135,75,67
116,577,Paciente Simulado 116,10015892-2,61,M,131,74,99
116,578,Paciente Simulado 116,10015892-2,61,M,138,77,91
116,579,Paciente Simulado 116,10015892-2,61,M,140,78,104
116,580,Paciente Simulado 116,10015892-2,61,M,145,74,70
117,581,Paciente Simulado 117,10016029-3,25,M,131,76,84
117,582,Paciente Simulado 117,10016029-3,25,M,122,68,75
117,583,Paciente Simulado 117,10016029-3,25,M,120,71,72
117,584,Paciente Simulado 117,10016029-3,25,M,136,75,56
117,585,Paciente Simulado 117,10016029-3,25,M,123,66,68
118,586,Paciente Simulado 118,10016166-4,82,F,126,78,83
118,587,Paciente Simulado 118,10016166-4,82,F,117,81,57
118,588,Paciente Simulado 118,10016166-4,82,F,123,80,66
118,589,Paciente Simulado 118,10016166-4,82,F,125,78,56
118,590,Paciente Simulado 118,10016166-4,82,F,114,77,90
119,591,Paciente Simulado 119,10016303-9,67,M,140,65,100
119,592,Paciente Simulado 119,10016303-9,67,M,130,68,75
119,593,Paciente Simulado 119,10016303-9,67,M,135,74,60
119,594,Paciente Simulado 119,10016303-9,67,M,144,70,66
119,595,Paciente Simulado 119,10016303-9,67,M,142,66,78
120,596,Paciente Simulado 120,10016440-K,50,F,116,67,58
120,597,Paciente Simulado 120,10016440-K,50,F,108,62,71
120,598,Paciente Simulado 120,10016440-K,50,F,124,72,103
120,599,Paciente Simulado 120,10016440-K,50,F,123,62,61
120,600,Paciente Simulado 120,10016440-K,50,F,112,67,103
121,601,Paciente Simulado 121,10016577-5,20,F,154,89,61
121,602,Paciente Simulado 121,10016577-5,20,F,155,84,78
121,603,Paciente Simulado 121,10016577-5,20,F,148,85,62
121,604,Paciente Simulado 121,10016577-5,20,F,151,86,79
121,605,Paciente Simulado 121,10016577-5,20,F,145,86,70
122,606,Paciente Simulado 122,10016714-K,38,F,127,74,69
122,607,Paciente Simulado 122,10016714-K,38,F,128,81,78
122,608,Paciente Simulado 122,10016714-K,38,F,130,79,61
122,609,Paciente Simulado 122,10016714-K,38,F,138,72,95
122,610,Paciente Simulado 122,10016714-K,38,F,128,79,76
123,611,Paciente Simulado 123,10016851-0,61,F,138,69,76
123,612,Paciente Simulado 123,10016851-0,61,F,134,67,66
123,613,Paciente Simulado 123,10016851-0,61,F,141,75,64
123,614,Paciente Simulado 123,10016851-0,61,F,141,69,72
123,615,Paciente Simulado 123,10016851-0,61,F,140,73,70
124,616,Paciente Simulado 124,10016988-6,39,F,124,80,71
124,617,Paciente Simulado 124,10016988-6,39,F,129,79,75
124,618,Paciente Simulado 124,10016988-6,39,F,128,85,62
124,619,Paciente Simulado 124,10016988-6,39,F,118,86,58
124,620,Paciente Simulado 124,10016988-6,39,F,120,86,85
125,621,Paciente Simulado 125,10017125-2,56,F,124,78,71
125,622,Paciente Simulado 125,10017125-2,56,F,120,75,61
125,623,Paciente Simulado 125,10017125-2,56,F,125,76,81
125,624,Paciente Simulado 125,10017125-2,56,F,118,72,101
125,625,Paciente Simulado 125,10017125-2,56,F,122,74,95
126,626,Paciente Simulado 126,10017262-3,22,M,145,83,83
126,627,Paciente Simulado 126,10017262-3,22,M,129,89,73
126,628,Paciente Simulado 126,10017262-3,22,M,134,86,82
126,629,Paciente Simulado 126,10017262-3,22,M,130,87,68
126,630,Paciente Simulado 126,10017262-3,22,M,137,90,66
127,631,Paciente Simulado 127,10017399-9,37,F,135,77,93
127,632,Paciente Simulado 127,10017399-9,37,F,132,75,93
127,633,Paciente Simulado 127,10017399-9,37,F,145,78,66
127,634,Paciente Simulado 127,10017399-9,37,F,136,76,94
127,635,Paciente Simulado 127,10017399-9,37,F,136,83,74
128,636,Paciente Simulado 128,10017536-3,45,F,114,93,88
128,637,Paciente Simulado 128,10017536-3,45,F,112,98,73
128,638,Paciente Simulado 128,10017536-3,45,F,116,94,55
128,639,Paciente Simulado 128,10017536-3,45,F,114,100,63
128,640,Paciente Simulado 128,10017536-3,45,F,109,96,66
129,641,Paciente Simulado 129,10017673-4,66,F,107,88,88
129,642,Paciente Simulado 129,10017673-4,66,F,121,91,59
129,643,Paciente Simulado 129,10017673-4,66,F,110,88,100
129,644,Paciente Simulado 129,10017673-4,66,F,114,88,104
129,645,Paciente Simulado 129,10017673-4,66,F,119,92,103
130,646,Paciente Simulado 130,10017810-9,27,M,117,99,56
130,647,Paciente Simulado 130,10017810-9,27,M,119,99,63
130,648,Paciente Simulado 130,10017810-9,27,M,106,94,60
130,649,Paciente Simulado 130,10017810-9,27,M,110,100,66
130,650,Paciente Simulado 130,10017810-9,27,M,108,92,74
131,651,Paciente Simulado 131,10017947-4,52,F,104,70,56
131,652,Paciente Simulado 131,10017947-4,52,F,112,74,70
131,653,Paciente Simulado 131,10017947-4,52,F,112,67,77
131,654,Paciente Simulado 131,10017947-4,52,F,101,68,57
131,655,Paciente Simulado 131,10017947-4,52,F,106,67,84
132,656,Paciente Simulado 132,10018084-7,83,M,107,73,63
132,657,Paciente Simulado 132,10018084-7,83,M,111,70,64
132,658,Paciente Simulado 132,10018084-7,83,M,118,73,65
132,659,Paciente Simulado 132,10018084-7,83,M,104,77,79
132,660,Paciente Simulado 132,10018084-7,83,M,117,76,93
133,661,Paciente Simulado 133,10018221-1,24,M,110,89,70
133,662,Paciente Simulado 133,10018221-1,24,M,110,89,91
133,663,Paciente Simulado 133,10018221-1,24,M,110,89,90
133,664,Paciente Simulado 133,10018221-1,24,M,101,88,88
133,665,Paciente Simulado 133,10018221-1,24,M,104,93,77
134,666,Paciente Simulado 134,10018358-7,51,M,150,61,88
134,667,Paciente Simulado 134,10018358-7,51,M,144,61,75
134,668,Paciente Simulado 134,10018358-7,51,M,152,63,87
134,669,Paciente Simulado 134,10018358-7,51,M,139,63,63
134,670,Paciente Simulado 134,10018358-7,51,M,152,66,104
135,671,Paciente Simulado 135,10018495-8,78,F,107,72,94
135,672,Paciente Simulado 135,10018495-8,78,F,107,72,89
135,673,Paciente Simulado 135,10018495-8,78,F,100,71,61
135,674,Paciente Simulado 135,10018495-8,78,F,107,63,88
135,675,Paciente Simulado 135,10018495-8,78,F,99,68,70
136,676,Paciente Simulado 136,10018632-2,25,M,115,89,65
136,677,Paciente Simulado 136,10018632-2,25,M,107,79,93
136,678,Paciente Simulado 136,10018632-2,25,M,120,83,60
136,679,Paciente Simulado 136,10018632-2,25,M,118,88,89
136,680,Paciente Simulado 136,10018632-2,25,M,108,86,62
137,681,Paciente Simulado 137,10018769-8,85,F,124,90,70
137,682,Paciente Simulado 137,10018769-8,85,F,117,94,73
137,683,Paciente Simulado 137,10018769-8,85,F,129,95,99
137,684,Paciente Simulado 137,10018769-8,85,F,122,96,79
137,685,Paciente Simulado 137,10018769-8,85,F,121,94,100
138,686,Paciente Simulado 138,10018906-2,66,M,147,86,74
138,687,Paciente Simulado 138,10018906-2,66,M,132,82,76
138,688,Paciente Simulado 138,10018906-2,66,M,139,82,87
138,689,Paciente Simulado 138,10018906-2,66,M,144,88,80
138,690,Paciente Simulado 138,10018906-2,66,M,132,84,65
139,691,Paciente Simulado 139,10019043-5,50,M,147,84,73
139,692,Paciente Simulado 139,10019043-5,50,M,138,84,58
139,693,Paciente Simulado 139,10019043-5,50,M,132,82,90
139,694,Paciente Simulado 139,10019043-5,50,M,134,89,77
139,695,Paciente Simulado 139,10019043-5,50,M,146,90,58
140,696,Paciente Simulado 140,10019180-6,69,M,135,69,98
140,697,Paciente Simulado 140,10019180-6,69,M,123,72,76
140,698,Paciente Simulado 140,10019180-6,69,M,130,68,98
140,699,Paciente Simulado 140,10019180-6,69,M,125,75,94
140,700,Paciente Simulado 140,10019180-6,69,M,127,74,61
141,701,Paciente Simulado 141,10019317-5,80,M,160,69,55
141,702,Paciente Simulado 141,10019317-5,80,M,160,76,92
141,703,Paciente Simulado 141,10019317-5,80,M,150,75,80
141,704,Paciente Simulado 141,10019317-5,80,M,151,74,105
141,705,Paciente Simulado 141,10019317-5,80,M,155,77,93
142,706,Paciente Simulado 142,10019454-6,34,M,134,94,73
142,707,Paciente Simulado 142,10019454-6,34,M,136,95,88
142,708,Paciente Simulado 142,10019454-6,34,M,137,99,75
142,709,Paciente Simulado 142,10019454-6,34,M,125,96,79
142,710,Paciente Simulado 142,10019454-6,34,M,139,93,66
143,711,Paciente Simulado 143,10019591-7,58,F,131,85,76
143,712,Paciente Simulado 143,10019591-7,58,F,134,93,70
143,713,Paciente Simulado 143,10019591-7,58,F,134,87,82
143,714,Paciente Simulado 143,10019591-7,58,F,124,84,58
143,715,Paciente Simulado 143,10019591-7,58,F,132,93,86
144,716,Paciente Simulado 144,10019728-6,58,M,147,95,101
144,717,Paciente Simulado 144,10019728-6,58,M,144,93,84
144,718,Paciente Simulado 144,10019728-6,58,M,142,87,93
144,719,Paciente Simulado 144,10019728-6,58,M,142,94,55
144,720,Paciente Simulado 144,10019728-6,58,M,133,95,69
145,721,Paciente Simulado 145,10019865-7,32,M,132,102,90
145,722,Paciente Simulado 145,10019865-7,32,M,124,95,81
145,723,Paciente Simulado 145,10019865-7,32,M,135,98,83
145,724,Paciente Simulado 145,10019865-7,32,M,130,100,102
145,725,Paciente Simulado 145,10019865-7,32,M,122,94,78
146,726,Paciente Simulado 146,10020002-3,60,M,117,81,62
146,727,Paciente Simulado 146,10020002-3,60,M,110,84,87
146,728,Paciente Simulado 146,10020002-3,60,M,114,89,65
146,729,Paciente Simulado 146,10020002-3,60,M,117,83,87
146,730,Paciente Simulado 146,10020002-3,60,M,107,87,67
147,731,Paciente Simulado 147,10020139-9,72,F,111,75,95
147,732,Paciente Simulado 147,10020139-9,72,F,101,72,55
147,733,Paciente Simulado 147,10020139-9,72,F,100,70,100
147,734,Paciente Simulado 147,10020139-9,72,F,100,70,80
147,735,Paciente Simulado 147,10020139-9,72,F,103,75,55
148,736,Paciente Simulado 148,10020276-K,23,F,116,101,89
148,737,Paciente Simulado 148,10020276-K,23,F,124,93,91
148,738,Paciente Simulado 148,10020276-K,23,F,114,97,93
148,739,Paciente Simulado 148,10020276-K,23,F,111,93,65
148,740,Paciente Simulado 148,10020276-K,23,F,124,99,61
149,741,Paciente Simulado 149,10020413-4,23,F,117,77,84
149,742,Paciente Simulado 149,10020413-4,23,F,114,70,96
149,743,Paciente Simulado 149,10020413-4,23,F,101,80,104
149,744,Paciente Simulado 149,10020413-4,23,F,111,72,100
149,745,Paciente Simulado 149,10020413-4,23,F,108,75,72
150,746,Paciente Simulado 150,10020550-5,41,F,116,71,67
150,747,Paciente Simulado 150,10020550-5,41,F,128,75,79
150,748,Paciente Simulado 150,10020550-5,41,F,114,66,69
150,749,Paciente Simulado 150,10020550-5,41,F,126,75,103
150,750,Paciente Simulado 150,10020550-5,41,F,115,73,58
151,751,Paciente Simulado 151,10020687-0,50,F,116,71,66
151,752,Paciente Simulado 151,10020687-0,50,F,121,62,84
151,753,Paciente Simulado 151,10020687-0,50,F,120,68,93
151,754,Paciente Simulado 151,10020687-0,50,F,119,69,59
151,755,Paciente Simulado 151,10020687-0,50,F,118,72,79
152,756,Paciente Simulado 152,10020824-5,48,M,131,85,105
152,757,Paciente Simulado 152,10020824-5,48,M,123,86,66
152,758,Paciente Simulado 152,10020824-5,48,M,121,90,79
152,759,Paciente Simulado 152,10020824-5,48,M,121,85,73
152,760,Paciente Simulado 152,10020824-5,48,M,128,93,78
153,761,Paciente Simulado 153,10020961-6,34,M,141,90,96
153,762,Paciente Simulado 153,10020961-6,34,M,133,85,82
153,763,Paciente Simulado 153,10020961-6,34,M,142,92,70
153,764,Paciente Simulado 153,10020961-6,34,M,143,87,84
153,765,Paciente Simulado 153,10020961-6,34,M,140,89,70
154,766,Paciente Simulado 154,10021098-3,75,F,124,63,70
154,767,Paciente Simulado 154,10021098-3,75,F,118,62,67
154,768,Paciente Simulado 154,10021098-3,75,F,122,69,105
154,769,Paciente Simulado 154,10021098-3,75,F,118,69,83
154,770,Paciente Simulado 154,10021098-3,75,F,128,64,65
155,771,Paciente Simulado 155,10021235-8,67,M,122,95,92
155,772,Paciente Simulado 155,10021235-8,67,M,116,89,85
155,773,Paciente Simulado 155,10021235-8,67,M,126,88,69
155,774,Paciente Simulado 155,10021235-8,67,M,124,95,63
155,775,Paciente Simulado 155,10021235-8,67,M,118,94,83
156,776,Paciente Simulado 156,10021372-9,67,F,128,94,103
156,777,Paciente Simulado 156,10021372-9,67,F,125,102,87
156,778,Paciente Simulado 156,10021372-9,67,F,124,100,72
156,779,Paciente Simulado 156,10021372-9,67,F,134,92,97
156,780,Paciente Simulado 156,10021372-9,67,F,126,96,55
157,781,Paciente Simulado 157,10021509-8,69,F,148,76,67
157,782,Paciente Simulado 157,10021509-8,69,F,144,72,90
157,783,Paciente Simulado 157,10021509-8,69,F,152,79,103
157,784,Paciente Simulado 157,10021509-8,69,F,150,74,59
157,785,Paciente Simulado 157,10021509-8,69,F,150,72,69
158,786,Paciente Simulado 158,10021646-9,56,F,151,90,80
158,787,Paciente Simulado 158,10021646-9,56,F,156,95,95
158,788,Paciente Simulado 158,10021646-9,56,F,146,89,66
158,789,Paciente Simulado 158,10021646-9,56,F,142,90,98
158,790,Paciente Simulado 158,10021646-9,56,F,153,91,56
159,791,Paciente Simulado 159,10021783-K,79,F,125,84,73
159,792,Paciente Simulado 159,10021783-K,79,F,125,86,93
159,793,Paciente Simulado 159,10021783-K,79,F,129,92,57
159,794,Paciente Simulado 159,10021783-K,79,F,134,82,93
159,795,Paciente Simulado 159,10021783-K,79,F,127,88,67
160,796,Paciente Simulado 160,10021920-4,58,F,130,72,95
160,797,Paciente Simulado 160,10021920-4,58,F,126,71,69
160,798,Paciente Simulado 160,10021920-4,58,F,136,70,71
160,799,Paciente Simulado 160,10021920-4,58,F,134,72,98
160,800,Paciente Simulado 160,10021920-4,58,F,132,62,62
161,801,Paciente Simulado 161,10022057-1,56,F,141,73,62
161,802,Paciente Simulado 161,10022057-1,56,F,135,68,68
161,803,Paciente Simulado 161,10022057-1,56,F,145,64,81
161,804,Paciente Simulado 161,10022057-1,56,F,146,72,69
161,805,Paciente Simulado 161,10022057-1,56,F,142,71,60
162,806,Paciente Simulado 162,10022194-2,64,M,141,91,95
162,807,Paciente Simulado 162,10022194-2,64,M,139,89,58
162,808,Paciente Simulado 162,10022194-2,64,M,131,87,98
162,809,Paciente Simulado 162,10022194-2,64,M,141,83,86
162,810,Paciente Simulado 162,10022194-2,64,M,131,81,99
163,811,Paciente Simulado 163,10022331-7,53,F,138,78,71
163,812,Paciente Simulado 163,10022331-7,53,F,138,70,65
163,813,Paciente Simulado 163,10022331-7,53,F,142,75,81
163,814,Paciente Simulado 163,10022331-7,53,F,133,73,95
163,815,Paciente Simulado 163,10022331-7,53,F,140,72,63
164,816,Paciente Simulado 164,10022468-2,82,M,112,83,99
164,817,Paciente Simulado 164,10022468-2,82,M,126,77,96
164,818,Paciente Simulado 164,10022468-2,82,M,123,79,63
164,819,Paciente Simulado 164,10022468-2,82,M,116,84,91
164,820,Paciente Simulado 164,10022468-2,82,M,119,80,95
165,821,Paciente Simulado 165,10022605-7,35,M,149,79,84
165,822,Paciente Simulado 165,10022605-7,35,M,157,73,62
165,823,Paciente Simulado 165,10022605-7,35,M,154,70,78
165,824,Paciente Simulado 165,10022605-7,35,M,160,73,57
165,825,Paciente Simulado 165,10022605-7,35,M,146,74,74
166,826,Paciente Simulado 166,10022742-8,45,F,155,80,65
166,827,Paciente Simulado 166,10022742-8,45,F,151,86,84
166,828,Paciente Simulado 166,10022742-8,45,F,152,83,65
166,829,Paciente Simulado 166,10022742-8,45,F,143,79,55
166,830,Paciente Simulado 166,10022742-8,45,F,155,86,60
167,831,Paciente Simulado 167,10022879-3,62,M,116,98,67
167,832,Paciente Simulado 167,10022879-3,62,M,113,91,77
167,833,Paciente Simulado 167,10022879-3,62,M,106,101,73
167,834,Paciente Simulado 167,10022879-3,62,M,111,101,70
167,835,Paciente Simulado 167,10022879-3,62,M,106,93,102
168,836,Paciente Simulado 168,10023016-K,23,F,150,89,78
168,837,Paciente Simulado 168,10023016-K,23,F,151,95,88
168,838,Paciente Simulado 168,10023016-K,23,F,151,86,105
168,839,Paciente Simulado 168,10023016-K,23,F,155,94,75
168,840,Paciente Simulado 168,10023016-K,23,F,158,87,96
169,841,Paciente Simulado 169,10023153-0,65,M,115,91,78
169,842,Paciente Simulado 169,10023153-0,65,M,119,86,58
169,843,Paciente Simulado 169,10023153-0,65,M,112,84,91
169,844,Paciente Simulado 169,10023153-0,65,M,123,83,68
169,845,Paciente Simulado 169,10023153-0,65,M,126,89,86
170,846,Paciente Simulado 170,10023290-1,40,M,139,68,65
170,847,Paciente Simulado 170,10023290-1,40,M,139,72,95
170,848,Paciente Simulado 170,10023290-1,40,M,147,66,57
170,849,Paciente Simulado 170,10023290-1,40,M,149,72,67
170,850,Paciente Simulado 170,10023290-1,40,M,141,70,55
171,851,Paciente Simulado 171,10023427-0,24,M,108,88,58
171,852,Paciente Simulado 171,10023427-0,24,M,122,84,76
171,853,Paciente Simulado 171,10023427-0,24,M,108,85,55
171,854,Paciente Simulado 171,10023427-0,24,M,111,80,79
171,855,Paciente Simulado 171,10023427-0,24,M,115,78,83
172,856,Paciente Simulado 172,10023564-1,64,F,137,73,84
172,857,Paciente Simulado 172,10023564-1,64,F,140,73,95
172,858,Paciente Simulado 172,10023564-1,64,F,131,71,93
172,859,Paciente Simulado 172,10023564-1,64,F,129,65,101
172,860,Paciente Simulado 172,10023564-1,64,F,137,74,97
173,861,Paciente Simulado 173,10023701-6,58,M,124,94,76
173,862,Paciente Simulado 173,10023701-6,58,M,136,100,56
173,863,Paciente Simulado 173,10023701-6,58,M,126,93,98
173,864,Paciente Simulado 173,10023701-6,58,M,134,91,64
173,865,Paciente Simulado 173,10023701-6,58,M,131,98,92
174,866,Paciente Simulado 174,10023838-1,73,M,144,81,71
174,867,Paciente Simulado 174,10023838-1,73,M,133,78,66
174,868,Paciente Simulado 174,10023838-1,73,M,136,83,102
174,869,Paciente Simulado 174,10023838-1,73,M,133,78,71
174,870,Paciente Simulado 174,10023838-1,73,M,133,78,88
175,871,Paciente Simulado 175,10023975-2,52,M,118,97,91
175,872,Paciente Simulado 175,10023975-2,52,M,114,97,92
175,873,Paciente Simulado 175,10023975-2,52,M,113,95,98
175,874,Paciente Simulado 175,10023975-2,52,M,113,96,63
175,875,Paciente Simulado 175,10023975-2,52,M,127,97,87
176,876,Paciente Simulado 176,10024112-9,34,F,131,88,91
176,877,Paciente Simulado 176,10024112-9,34,F,141,86,63
176,878,Paciente Simulado 176,10024112-9,34,F,137,94,58
176,879,Paciente Simulado 176,10024112-9,34,F,138,88,58
176,880,Paciente Simulado 176,10024112-9,34,F,137,85,55
177,881,Paciente Simulado 177,10024249-4,47,M,120,73,60
177,882,Paciente Simulado 177,10024249-4,47,M,122,76,62
177,883,Paciente Simulado 177,10024249-4,47,M,127,69,78
177,884,Paciente Simulado 177,10024249-4,47,M,126,77,55
177,885,Paciente Simulado 177,10024249-4,47,M,124,68,70
178,886,Paciente Simulado 178,10024386-5,67,M,144,100,77
178,887,Paciente Simulado 178,10024386-5,67,M,146,96,90
178,888,Paciente Simulado 178,10024386-5,67,M,153,100,62
178,889,Paciente Simulado 178,10024386-5,67,M,144,101,70
178,890,Paciente Simulado 178,10024386-5,67,M,151,96,67
179,891,Paciente Simulado 179,10024523-K,77,F,137,88,86
179,892,Paciente Simulado 179,10024523-K,77,F,137,89,71
179,893,Paciente Simulado 179,10024523-K,77,F,139,90,90
179,894,Paciente Simulado 179,10024523-K,77,F,143,98,97
179,895,Paciente Simulado 179,10024523-K,77,F,146,90,92
180,896,Paciente Simulado 180,10024660-0,52,M,125,65,64
180,897,Paciente Simulado 180,10024660-0,52,M,140,68,85
180,898,Paciente Simulado 180,10024660-0,52,M,126,60,59
180,899,Paciente Simulado 180,10024660-0,52,M,130,69,96
180,900,Paciente Simulado 180,10024660-0,52,M,137,67,65
181,901,Paciente Simulado 181,10024797-6,77,M,113,98,76
181,902,Paciente Simulado 181,10024797-6,77,M,127,96,74
181,903,Paciente Simulado 181,10024797-6,77,M,115,102,94
181,904,Paciente Simulado 181,10024797-6,77,M,112,96,65
181,905,Paciente Simulado 181,10024797-6,77,M,122,100,76
182,906,Paciente Simulado 182,10024934-0,79,M,119,85,92
182,907,Paciente Simulado 182,10024934-0,79,M,134,85,69
182,908,Paciente Simulado 182,10024934-0,79,M,119,83,84
182,909,Paciente Simulado 182,10024934-0,79,M,120,90,64
182,910,Paciente Simulado 182,10024934-0,79,M,123,84,79
183,911,Paciente Simulado 183,10025071-3,54,F,140,85,91
183,912,Paciente Simulado 183,10025071-3,54,F,145,85,63
183,913,Paciente Simulado 183,10025071-3,54,F,130,84,104
183,914,Paciente Simulado 183,10025071-3,54,F,132,79,104
183,915,Paciente Simulado 183,10025071-3,54,F,142,86,91
184,916,Paciente Simulado 184,10025208-2,32,M,154,80,98
184,917,Paciente Simulado 184,10025208-2,32,M,149,82,103
184,918,Paciente Simulado 184,10025208-2,32,M,157,83,87
184,919,Paciente Simulado 184,10025208-2,32,M,154,83,90
184,920,Paciente Simulado 184,10025208-2,32,M,159,83,58
185,921,Paciente Simulado 185,10025345-3,63,M,163,95,70
185,922,Paciente Simulado 185,10025345-3,63,M,154,95,64
185,923,Paciente Simulado 185,10025345-3,63,M,151,93,55
185,924,Paciente Simulado 185,10025345-3,63,M,161,96,83
185,925,Paciente Simulado 185,10025345-3,63,M,159,99,104
186,926,Paciente Simulado 186,10025482-4,58,F,138,68,101
186,927,Paciente Simulado 186,10025482-4,58,F,143,68,101
186,928,Paciente Simulado 186,10025482-4,58,F,144,65,67
186,929,Paciente Simulado 186,10025482-4,58,F,136,73,66
186,930,Paciente Simulado 186,10025482-4,58,F,143,73,77
187,931,Paciente Simulado 187,10025619-3,79,M,148,94,75
187,932,Paciente Simulado 187,10025619-3,79,M,151,91,71
187,933,Paciente Simulado 187,10025619-3,79,M,146,89,95
187,934,Paciente Simulado 187,10025619-3,79,M,154,90,100
187,935,Paciente Simulado 187,10025619-3,79,M,146,90,58
188,936,Paciente Simulado 188,10025756-4,71,M,125,88,61
188,937,Paciente Simulado 188,10025756-4,71,M,115,81,101
188,938,Paciente Simulado 188,10025756-4,71,M,110,80,93
188,939,Paciente Simulado 188,10025756-4,71,M,110,79,59
188,940,Paciente Simulado 188,10025756-4,71,M,119,80,55
189,941,Paciente Simulado 189,10025893-5,44,M,141,60,68
189,942,Paciente Simulado 189,10025893-5,44,M,141,65,102
189,943,Paciente Simulado 189,10025893-5,44,M,131,70,86
189,944,Paciente Simulado 189,10025893-5,44,M,143,69,98
189,945,Paciente Simulado 189,10025893-5,44,M,141,62,58
190,946,Paciente Simulado 190,10026030-1,73,F,117,90,80
190,947,Paciente Simulado 190,10026030-1,73,F,110,88,55
190,948,Paciente Simulado 190,10026030-1,73,F,102,86,91
190,949,Paciente Simulado 190,10026030-1,73,F,112,81,81
190,950,Paciente Simulado 190,10026030-1,73,F,112,83,60
191,951,Paciente Simulado 191,10026167-7,22,F,126,70,77
191,952,Paciente Simulado 191,10026167-7,22,F,121,75,77
191,953,Paciente Simulado 191,10026167-7,22,F,114,79,93
191,954,Paciente Simulado 191,10026167-7,22,F,120,72,102
191,955,Paciente Simulado 191,10026167-7,22,F,118,76,103
192,956,Paciente Simulado 192,10026304-1,24,M,146,94,88
192,957,Paciente Simulado 192,10026304-1,24,M,154,93,63
192,958,Paciente Simulado 192,10026304-1,24,M,146,89,90
192,959,Paciente Simulado 192,10026304-1,24,M,153,90,96
192,960,Paciente Simulado 192,10026304-1,24,M,149,91,95
193,961,Paciente Simulado 193,10026441-2,49,M,145,74,63
193,962,Paciente Simulado 193,10026441-2,49,M,148,65,89
193,963,Paciente Simulado 193,10026441-2,49,M,161,68,90
193,964,Paciente Simulado 193,10026441-2,49,M,150,69,93
193,965,Paciente Simulado 193,10026441-2,49,M,156,67,66
194,966,Paciente Simulado 194,10026578-8,40,F,133,82,68
194,967,Paciente Simulado 194,10026578-8,40,F,130,81,84
194,968,Paciente Simulado 194,10026578-8,40,F,125,80,105
194,969,Paciente Simulado 194,10026578-8,40,F,119,76,97
194,970,Paciente Simulado 194,10026578-8,40,F,119,76,96
195,971,Paciente Simulado 195,10026715-2,71,M,112,80,79
195,972,Paciente Simulado 195,10026715-2,71,M,107,74,71
195,973,Paciente Simulado 195,10026715-2,71,M,100,78,100
195,974,Paciente Simulado 195,10026715-2,71,M,113,77,69
195,975,Paciente Simulado 195,10026715-2,71,M,111,77,75
196,976,Paciente Simulado 196,10026852-3,74,M,122,100,105
196,977,Paciente Simulado 196,10026852-3,74,M,121,98,104
196,978,Paciente Simulado 196,10026852-3,74,M,124,93,74
196,979,Paciente Simulado 196,10026852-3,74,M,125,92,76
196,980,Paciente Simulado 196,10026852-3,74,M,116,98,70
197,981,Paciente Simulado 197,10026989-9,40,M,146,97,58
197,982,Paciente Simulado 197,10026989-9,40,M,146,93,57
197,983,Paciente Simulado 197,10026989-9,40,M,154,90,82
197,984,Paciente Simulado 197,10026989-9,40,M,144,92,98
197,985,Paciente Simulado 197,10026989-9,40,M,140,89,64
198,986,Paciente Simulado 198,10027126-5,21,F,132,74,61
198,987,Paciente Simulado 198,10027126-5,21,F,121,76,98
198,988,Paciente Simulado 198,10027126-5,21,F,128,70,81
198,989,Paciente Simulado 198,10027126-5,21,F,126,79,97
198,990,Paciente Simulado 198,10027126-5,21,F,128,74,57
199,991,Paciente Simulado 199,10027263-6,50,F,148,62,87
199,992,Paciente Simulado 199,10027263-6,50,F,154,69,82
199,993,Paciente Simulado 199,10027263-6,50,F,150,60,58
199,994,Paciente Simulado 199,10027263-6,50,F,157,61,62
199,995,Paciente Simulado 199,10027263-6,50,F,150,67,63
200,996,Paciente Simulado 200,10027400-0,74,F,112,84,102
200,997,Paciente Simulado 200,10027400-0,74,F,124,75,88
200,998,Paciente Simulado 200,10027400-0,74,F,119,81,59
200,999,Paciente Simulado 200,10027400-0,74,F,119,77,69
200,1000,Paciente Simulado 200,10027400-0,74,F,110,78,100
